mean_fit_time,std_fit_time,mean_score_time,std_score_time,param_n_estimators,param_min_samples_split,param_min_samples_leaf,param_max_features,param_max_depth,params,split0_test_score,split1_test_score,split2_test_score,split3_test_score,split4_test_score,mean_test_score,std_test_score,rank_test_score
0.07467107772827149,0.0012631137163671164,0.0021422386169433595,1.247947616120514e-05,20,7,8,sqrt,32,"{'n_estimators': 20, 'min_samples_split': 7, 'min_samples_leaf': 8, 'max_features': 'sqrt', 'max_depth': 32}",0.03383119746667085,0.008203568401100925,0.05946435255050886,0.03736935712917622,0.0437483900025144,0.03652337310999425,0.01666411860370891,100
3.6731170177459718,0.07775638719574411,0.01735992431640625,0.000306160626651601,200,5,8,1.0,62,"{'n_estimators': 200, 'min_samples_split': 5, 'min_samples_leaf': 8, 'max_features': 1.0, 'max_depth': 62}",0.04494330765632448,0.03600831789114034,0.06372028289302833,0.050351034917443416,0.03314300757479138,0.04563319018654559,0.010940930013130444,53
0.0004063129425048828,1.7829756885168132e-05,0.0,0.0,10,1,12,1.0,82,"{'n_estimators': 10, 'min_samples_split': 1, 'min_samples_leaf': 12, 'max_features': 1.0, 'max_depth': 82}",,,,,,,,176
0.030226421356201173,0.00042651449623168814,0.0015176773071289063,2.324726638153399e-05,20,2,12,sqrt,2,"{'n_estimators': 20, 'min_samples_split': 2, 'min_samples_leaf': 12, 'max_features': 'sqrt', 'max_depth': 2}",0.029369266246053405,0.02200511732232846,0.028557273361152546,0.027461138818534847,0.026192161336827113,0.026716991416979273,0.0025865868960893708,131
1.2442266941070557,0.02625113247725834,0.01036834716796875,6.772413929813603e-05,100,2,2,0.5,32,"{'n_estimators': 100, 'min_samples_split': 2, 'min_samples_leaf': 2, 'max_features': 0.5, 'max_depth': 32}",0.040439167923976393,0.029965835674734098,0.07259240609762307,0.05547121559708201,0.013618029554181343,0.042417330969519385,0.020343508492778335,81
0.615803861618042,0.009040985645081889,0.005476570129394532,4.796910712016678e-05,50,4,2,0.5,52,"{'n_estimators': 50, 'min_samples_split': 4, 'min_samples_leaf': 2, 'max_features': 0.5, 'max_depth': 52}",0.0023308174368074086,0.021818055390510627,0.05839865350727269,0.07182314177242688,0.004743243004630471,0.031822782222329614,0.02831776011206969,124
0.8038698673248291,0.01322104692650841,0.004361391067504883,7.31969112286115e-05,50,7,12,1.0,,"{'n_estimators': 50, 'min_samples_split': 7, 'min_samples_leaf': 12, 'max_features': 1.0, 'max_depth': None}",0.036902350339057866,0.025641366548744715,0.05081554565517599,0.037334751500060936,0.022051810835725605,0.03454916497575302,0.010133359239303173,113
0.7708560466766358,0.008009787556123223,0.016366958618164062,0.00015511440197188306,200,3,8,sqrt,52,"{'n_estimators': 200, 'min_samples_split': 3, 'min_samples_leaf': 8, 'max_features': 'sqrt', 'max_depth': 52}",0.03266834623135639,0.027130864061061133,0.06253271934496574,0.052584431398193576,0.03441298248114777,0.041865868703344924,0.013410940281414565,83
0.1834874153137207,0.006355963668440889,0.002243232727050781,3.962468010410573e-05,20,8,8,0.5,,"{'n_estimators': 20, 'min_samples_split': 8, 'min_samples_leaf': 8, 'max_features': 0.5, 'max_depth': None}",0.02207494151209788,0.008723452053354008,0.03878133542069584,0.023944195745760122,0.009083179995793444,0.02052142094554026,0.011113763684091841,145
0.00044536590576171875,3.2964591149873144e-05,0.0,0.0,10,1,8,0.5,42,"{'n_estimators': 10, 'min_samples_split': 1, 'min_samples_leaf': 8, 'max_features': 0.5, 'max_depth': 42}",,,,,,,,176
0.08719038963317871,0.0015405119039088443,0.0023702144622802734,6.0403919885409616e-05,20,4,4,sqrt,92,"{'n_estimators': 20, 'min_samples_split': 4, 'min_samples_leaf': 4, 'max_features': 'sqrt', 'max_depth': 92}",0.0014505022543997992,-0.0016401595120314472,0.05068284247037558,0.015112074157192179,0.0027505445456933453,0.01367116078312589,0.019364822207971623,154
2.0547101497650146,0.025715885544695956,0.01789865493774414,0.00019006615479048665,200,3,4,0.5,12,"{'n_estimators': 200, 'min_samples_split': 3, 'min_samples_leaf': 4, 'max_features': 0.5, 'max_depth': 12}",0.04924959476623403,0.04274480995953567,0.06182491446185079,0.06449798732673939,0.0315234630143697,0.04996815390574592,0.012203265769516521,5
0.1451479434967041,0.0009350742581240668,0.005212306976318359,7.965621459927894e-05,100,7,12,sqrt,2,"{'n_estimators': 100, 'min_samples_split': 7, 'min_samples_leaf': 12, 'max_features': 'sqrt', 'max_depth': 2}",0.02892023104243413,0.019461783172166847,0.02623954543146756,0.027386094828278362,0.023669484122121,0.025135427719293578,0.0033150730800357983,134
1.762280559539795,0.024862188379816193,0.037972116470336915,0.0005122907415693483,500,4,12,sqrt,12,"{'n_estimators': 500, 'min_samples_split': 4, 'min_samples_leaf': 12, 'max_features': 'sqrt', 'max_depth': 12}",0.046981449023473676,0.03568165467218165,0.062084408088998955,0.05553246521204813,0.03598837357027751,0.047253670113395985,0.010482192414608286,30
0.477916955947876,0.012462002689788934,0.00459141731262207,3.911151967421427e-05,50,3,8,0.5,62,"{'n_estimators': 50, 'min_samples_split': 3, 'min_samples_leaf': 8, 'max_features': 0.5, 'max_depth': 62}",0.0406027751027086,0.031185400540032937,0.061624845135829776,0.052751318863309304,0.026900590083151044,0.04261298594500633,0.013005741991844549,80
1.940068292617798,0.03310592411518668,0.017303943634033203,0.0004901418171909674,200,7,8,0.5,82,"{'n_estimators': 200, 'min_samples_split': 7, 'min_samples_leaf': 8, 'max_features': 0.5, 'max_depth': 82}",0.05258918766633114,0.03491547877614065,0.07028518291505437,0.05675431749952087,0.02883502461728704,0.04867583829486681,0.015036923129086157,13
10.777508306503297,0.23741683727278587,0.045522117614746095,0.0005014714736201896,500,4,4,1.0,32,"{'n_estimators': 500, 'min_samples_split': 4, 'min_samples_leaf': 4, 'max_features': 1.0, 'max_depth': 32}",0.03151612834943629,0.03508744868953628,0.06827332635876393,0.06901946898578948,0.02661055528108991,0.04610138553292318,0.018605174038108206,44
0.24899568557739257,0.015215349039358025,0.002553081512451172,6.694997474634021e-05,20,7,2,0.5,82,"{'n_estimators': 20, 'min_samples_split': 7, 'min_samples_leaf': 2, 'max_features': 0.5, 'max_depth': 82}",-0.00459581260264752,-0.02282602639926412,0.009733527543361764,0.02019742370538502,0.0030490165476898534,0.0011116257589049994,0.014477184810587783,162
4.440584516525268,0.12002802998741378,0.03873696327209473,0.0011112908500531154,500,7,12,0.5,22,"{'n_estimators': 500, 'min_samples_split': 7, 'min_samples_leaf': 12, 'max_features': 0.5, 'max_depth': 22}",0.047783339374097955,0.03311613091208543,0.06445498856962129,0.05641952982686982,0.03200596061902583,0.04675598986034006,0.01273815623838224,33
4.359355545043945,0.08304112678547794,0.024465084075927734,0.011006315639007308,200,7,4,1.0,42,"{'n_estimators': 200, 'min_samples_split': 7, 'min_samples_leaf': 4, 'max_features': 1.0, 'max_depth': 42}",0.03480747033115228,0.025782038493675996,0.06834347498419224,0.06015458878845126,0.01886870729296064,0.04159125597808648,0.01935222917753852,84
0.08086814880371093,0.0022309868212281843,0.002270221710205078,5.20301231710503e-05,20,2,8,sqrt,42,"{'n_estimators': 20, 'min_samples_split': 2, 'min_samples_leaf': 8, 'max_features': 'sqrt', 'max_depth': 42}",0.04152936638817839,0.01948105615733331,0.042142828445025815,0.0356913668352562,0.025628307261793215,0.03289458501751739,0.008951346192120208,119
0.7206434726715087,0.01002888245485247,0.015518093109130859,0.00013799370773703103,200,3,12,sqrt,82,"{'n_estimators': 200, 'min_samples_split': 3, 'min_samples_leaf': 12, 'max_features': 'sqrt', 'max_depth': 82}",0.04545010110756309,0.03869427825538774,0.06144040972544473,0.05845832243511517,0.0325313863131137,0.04731489956732489,0.011135984551662518,29
22.902631282806396,0.44933109920872805,0.09206147193908691,0.006277643246300906,1000,5,2,1.0,92,"{'n_estimators': 1000, 'min_samples_split': 5, 'min_samples_leaf': 2, 'max_features': 1.0, 'max_depth': 92}",0.036053566838511575,0.03807820893616476,0.06252695258914875,0.05811245554286182,0.021240759837234835,0.04320238874878435,0.015201479384123327,76
0.00040874481201171877,1.0915926362557609e-05,0.0,0.0,20,1,12,1.0,82,"{'n_estimators': 20, 'min_samples_split': 1, 'min_samples_leaf': 12, 'max_features': 1.0, 'max_depth': 82}",,,,,,,,176
3.703443098068237,0.08601667532726838,0.01750912666320801,0.0003485267212940751,200,4,8,1.0,92,"{'n_estimators': 200, 'min_samples_split': 4, 'min_samples_leaf': 8, 'max_features': 1.0, 'max_depth': 92}",0.043305029631488745,0.033980634557805534,0.05923719863986121,0.06276775194034334,0.029694496762584954,0.04579702230641676,0.013219473363104101,48
0.08964695930480956,0.0026285771441009243,0.0023723602294921874,4.9635885231208156e-05,20,3,4,sqrt,22,"{'n_estimators': 20, 'min_samples_split': 3, 'min_samples_leaf': 4, 'max_features': 'sqrt', 'max_depth': 22}",0.01905365585810903,-0.01105951359912205,0.03078338903943656,0.007589813779499521,0.009313562228039585,0.011136181461192529,0.013836522035986693,156
0.0002560615539550781,4.7074962060232955e-05,0.0,0.0,50,1,2,1.0,52,"{'n_estimators': 50, 'min_samples_split': 1, 'min_samples_leaf': 2, 'max_features': 1.0, 'max_depth': 52}",,,,,,,,176
3.309494400024414,0.059341279346888216,0.016396427154541017,0.00038554062681397564,200,5,12,1.0,92,"{'n_estimators': 200, 'min_samples_split': 5, 'min_samples_leaf': 12, 'max_features': 1.0, 'max_depth': 92}",0.0491739734908313,0.028823011225825312,0.06479096131599427,0.04381117629827336,0.036956400153737134,0.044711104496932275,0.012136677202061866,61
0.16083159446716308,0.0015519868978675813,0.0020917415618896484,8.718216031528194e-05,20,4,12,0.5,12,"{'n_estimators': 20, 'min_samples_split': 4, 'min_samples_leaf': 12, 'max_features': 0.5, 'max_depth': 12}",0.010259407164983747,0.024452432976206362,0.060686839807041815,0.03307443018124456,0.0379383600797939,0.03328229404185408,0.016617767921801547,115
4.535072898864746,0.06590444104025449,0.09024195671081543,0.0009991165619103468,1000,2,4,sqrt,82,"{'n_estimators': 1000, 'min_samples_split': 2, 'min_samples_leaf': 4, 'max_features': 'sqrt', 'max_depth': 82}",0.046428851862619136,0.03725154873357761,0.06718921535623157,0.06082765756938735,0.02977209661811897,0.048293874027986926,0.014018538781050685,21
9.730212783813476,0.19171422863108653,0.08173203468322754,0.003886303502983362,1000,5,8,0.5,72,"{'n_estimators': 1000, 'min_samples_split': 5, 'min_samples_leaf': 8, 'max_features': 0.5, 'max_depth': 72}",0.04520200718591105,0.035310025147977764,0.06632115914108372,0.061201797546023506,0.03495161150381909,0.048597320104963024,0.013017626834873237,15
0.04891715049743652,0.0006077982461580107,0.0015427589416503907,6.5548096963928e-05,10,2,2,sqrt,62,"{'n_estimators': 10, 'min_samples_split': 2, 'min_samples_leaf': 2, 'max_features': 'sqrt', 'max_depth': 62}",-0.013181928114525343,-0.06824216557563068,-0.008454761222972618,-0.023177363195617362,-0.03215908022832803,-0.029043059667414807,0.02124212517717708,171
10.311446285247802,0.13171879532919295,0.08291535377502442,0.002202262859296907,1000,3,4,0.5,12,"{'n_estimators': 1000, 'min_samples_split': 3, 'min_samples_leaf': 4, 'max_features': 0.5, 'max_depth': 12}",0.0430320390251443,0.03671538578758504,0.06372965476913062,0.06572061792954753,0.03279624796905212,0.048398789096091924,0.013739173230107442,19
2.3251888275146486,0.042715438969647274,0.011201906204223632,0.0003297922580210678,100,8,2,1.0,22,"{'n_estimators': 100, 'min_samples_split': 8, 'min_samples_leaf': 2, 'max_features': 1.0, 'max_depth': 22}",0.03488779548620302,0.03747186468073982,0.05385166930208585,0.06849940561521539,0.023629914088402648,0.04366812983452935,0.015730955447121144,69
0.029710817337036132,0.0008305383446906081,0.0010334014892578124,1.6198151947505373e-05,10,5,4,0.5,2,"{'n_estimators': 10, 'min_samples_split': 5, 'min_samples_leaf': 4, 'max_features': 0.5, 'max_depth': 2}",0.033883990994164614,0.02733904257834452,0.03816464457930957,0.039196501456259525,0.025440031556696496,0.03280484223295495,0.005565262851458739,120
0.21574668884277343,0.0033378678607850626,0.001491689682006836,5.3816856518021636e-05,10,2,4,1.0,82,"{'n_estimators': 10, 'min_samples_split': 2, 'min_samples_leaf': 4, 'max_features': 1.0, 'max_depth': 82}",-0.00448902167608578,-0.04926682144905237,0.014063638210354723,-0.04512800292562624,-0.11270711222745167,-0.039505464013572265,0.043774829048395775,173
0.03514385223388672,0.0007648299309303943,0.0012850284576416016,5.865066032017531e-05,10,5,12,sqrt,82,"{'n_estimators': 10, 'min_samples_split': 5, 'min_samples_leaf': 12, 'max_features': 'sqrt', 'max_depth': 82}",0.013474658184034816,-0.018358594677807094,0.015594474499599276,0.021364321518876572,0.04095421868994187,0.014605815642929088,0.019124983953606817,151
3.6192958831787108,0.052648002245570376,0.0753361701965332,0.0009201370285274555,1000,5,12,sqrt,,"{'n_estimators': 1000, 'min_samples_split': 5, 'min_samples_leaf': 12, 'max_features': 'sqrt', 'max_depth': None}",0.049712395949736754,0.035876372710965665,0.06445130295271084,0.056675879140673846,0.035284273652710585,0.04840004488135954,0.011460544517964103,18
0.17916550636291503,0.0034090761951215804,0.004316854476928711,0.00010392615269386621,50,5,12,sqrt,52,"{'n_estimators': 50, 'min_samples_split': 5, 'min_samples_leaf': 12, 'max_features': 'sqrt', 'max_depth': 52}",0.03976795327298155,0.03535944794438117,0.06616584547757653,0.06205138135408661,0.024077522998181444,0.045484430209441463,0.01609741506271407,56
0.09725427627563477,0.0016378198746552582,0.0023316860198974608,5.906420794275483e-05,20,8,2,sqrt,62,"{'n_estimators': 20, 'min_samples_split': 8, 'min_samples_leaf': 2, 'max_features': 'sqrt', 'max_depth': 62}",0.01520030302077413,-0.011094652686382878,0.037644401270452876,0.02994256289443553,-0.0258305519987041,0.009172412500115112,0.024142701634445703,157
0.9727523803710938,0.01772603220239905,0.018794918060302736,0.00018973731008138666,200,8,2,sqrt,42,"{'n_estimators': 200, 'min_samples_split': 8, 'min_samples_leaf': 2, 'max_features': 'sqrt', 'max_depth': 42}",0.04438657899895393,0.04806536811178308,0.06777136571253162,0.06526639574190007,0.017473655536384802,0.0485926728203107,0.018067638524871088,16
0.04555964469909668,0.001332257735805024,0.0013677597045898438,2.7448347282271244e-05,10,8,4,sqrt,92,"{'n_estimators': 10, 'min_samples_split': 8, 'min_samples_leaf': 4, 'max_features': 'sqrt', 'max_depth': 92}",-0.0024022016311529004,-0.016209913317851266,0.008286941251324675,0.01709665312623998,-0.03814878733376559,-0.0062754615810410195,0.01943153977754778,165
0.49791321754455564,0.002714165048694847,0.005275630950927734,7.52277076614548e-05,100,5,2,1.0,2,"{'n_estimators': 100, 'min_samples_split': 5, 'min_samples_leaf': 2, 'max_features': 1.0, 'max_depth': 2}",0.03838990408425014,0.024234187614532887,0.036125081108534296,0.040022953685857954,0.04094645227871785,0.03594371575437862,0.00607942982241434,108
0.00033698081970214846,4.748675677100702e-05,0.0,0.0,20,1,12,sqrt,12,"{'n_estimators': 20, 'min_samples_split': 1, 'min_samples_leaf': 12, 'max_features': 'sqrt', 'max_depth': 12}",,,,,,,,176
0.9108240127563476,0.020418293175270316,0.01839594841003418,0.00029965607221835074,200,2,4,sqrt,32,"{'n_estimators': 200, 'min_samples_split': 2, 'min_samples_leaf': 4, 'max_features': 'sqrt', 'max_depth': 32}",0.0328495553703787,0.0308390102601781,0.06268375316575103,0.05658607731138254,0.034522880398969225,0.04349625530133192,0.01336849313230043,73
0.03730449676513672,0.0013624891218155149,0.0012962818145751953,7.084410596627707e-05,10,5,12,sqrt,92,"{'n_estimators': 10, 'min_samples_split': 5, 'min_samples_leaf': 12, 'max_features': 'sqrt', 'max_depth': 92}",0.019826219923270494,0.014035551289359294,0.054062138663279025,0.008099285538741285,0.02054179459445693,0.023312998001821406,0.016017958081628328,140
0.9672992706298829,0.017736456505712803,0.00850067138671875,6.308460090704216e-05,100,4,8,0.5,52,"{'n_estimators': 100, 'min_samples_split': 4, 'min_samples_leaf': 8, 'max_features': 0.5, 'max_depth': 52}",0.03281941609459926,0.03112823950457788,0.0631235486240298,0.055022449886265035,0.015927405381008675,0.03960421189809613,0.01714262518779486,93
11.943502712249757,0.15255816086976967,0.04545440673828125,0.0005839203182162515,500,5,2,1.0,72,"{'n_estimators': 500, 'min_samples_split': 5, 'min_samples_leaf': 2, 'max_features': 1.0, 'max_depth': 72}",0.03458981077914269,0.03347297677967476,0.06785548413198583,0.05681191704831168,0.027513756823098867,0.04404878911244277,0.015520203174432399,66
0.0003223896026611328,3.860714635375214e-05,0.0,0.0,100,1,12,sqrt,2,"{'n_estimators': 100, 'min_samples_split': 1, 'min_samples_leaf': 12, 'max_features': 'sqrt', 'max_depth': 2}",,,,,,,,176
0.8705223083496094,0.02476578337869024,0.008928680419921875,0.0011252168677521634,100,3,12,0.5,42,"{'n_estimators': 100, 'min_samples_split': 3, 'min_samples_leaf': 12, 'max_features': 0.5, 'max_depth': 42}",0.04717503845881987,0.031439376202888614,0.07384001945574281,0.05022127608709526,0.02833122995425863,0.046201388031761034,0.016237370384843335,41
1.095906639099121,0.1692755800158834,0.02408447265625,0.0016686153837284195,200,4,2,sqrt,22,"{'n_estimators': 200, 'min_samples_split': 4, 'min_samples_leaf': 2, 'max_features': 'sqrt', 'max_depth': 22}",0.028065616629136203,0.04305100979069687,0.06893208068612133,0.05238948224063811,0.03484264700926365,0.04545616727117123,0.01428322242087588,57
1.1833531856536865,0.020085712248482566,0.005930948257446289,0.00013427927411382472,50,7,2,1.0,52,"{'n_estimators': 50, 'min_samples_split': 7, 'min_samples_leaf': 2, 'max_features': 1.0, 'max_depth': 52}",0.021256120678235346,0.007467667965360136,0.05987354560044034,0.04263833206978007,0.0009466149066227336,0.026436456244087726,0.02198600710289629,132
5.074326658248902,0.14217463081382556,0.047436857223510744,0.0006909289895977801,1000,5,8,1.0,2,"{'n_estimators': 1000, 'min_samples_split': 5, 'min_samples_leaf': 8, 'max_features': 1.0, 'max_depth': 2}",0.042527752391373186,0.02527971907698645,0.03812334872010592,0.03769132403000519,0.03894362813983265,0.03651315447166068,0.0058694713591556594,101
2.276617670059204,0.055937645739774326,0.0192899227142334,0.0003291969363633642,200,3,4,0.5,52,"{'n_estimators': 200, 'min_samples_split': 3, 'min_samples_leaf': 4, 'max_features': 0.5, 'max_depth': 52}",0.03977150570796484,0.036277330469200564,0.06253969911080082,0.05510884969658858,0.020045814129128203,0.0427486398227366,0.014903826908752043,79
0.25877809524536133,0.00823207314876822,0.002472257614135742,3.0138447224121382e-05,20,2,2,0.5,52,"{'n_estimators': 20, 'min_samples_split': 2, 'min_samples_leaf': 2, 'max_features': 0.5, 'max_depth': 52}",0.000667400738218471,-0.021215888914580372,0.03437172388676013,0.0429375987099162,-0.012328187686098335,0.00888652934684322,0.025427325241026835,158
0.8875978469848633,0.017187104847459868,0.009166669845581055,0.0005261347045707716,100,3,12,0.5,82,"{'n_estimators': 100, 'min_samples_split': 3, 'min_samples_leaf': 12, 'max_features': 0.5, 'max_depth': 82}",0.038722558879317415,0.035239867296370075,0.06596900517435,0.05040367134720991,0.03732918103026528,0.04553285674550254,0.011497713525366526,55
3.6981831550598145,0.06888786967469444,0.017278575897216798,0.0003224619029841397,200,4,8,1.0,62,"{'n_estimators': 200, 'min_samples_split': 4, 'min_samples_leaf': 8, 'max_features': 1.0, 'max_depth': 62}",0.03256295259213671,0.03833553561227854,0.057749313905493094,0.05683540824975897,0.032178146115578565,0.04353227129504918,0.011448545117845139,71
2.2840102672576905,0.043226337280634825,0.019249677658081055,0.000149100048525045,200,4,4,0.5,42,"{'n_estimators': 200, 'min_samples_split': 4, 'min_samples_leaf': 4, 'max_features': 0.5, 'max_depth': 42}",0.035343132979770764,0.026710141074341887,0.06850121395902398,0.059818633496727225,0.02894823319983264,0.0438642709419393,0.017034569506537898,67
0.03558025360107422,0.004514904229360376,0.0013737678527832031,0.00046294874415582585,10,7,4,0.5,2,"{'n_estimators': 10, 'min_samples_split': 7, 'min_samples_leaf': 4, 'max_features': 0.5, 'max_depth': 2}",0.02272331696116614,0.018981746477629735,0.027544054191951717,0.03442021074728796,0.03459614430328983,0.027653094536265077,0.006221039716502483,130
0.8290268421173096,0.020424276757334228,0.004884004592895508,0.0004466923609816159,50,7,12,1.0,22,"{'n_estimators': 50, 'min_samples_split': 7, 'min_samples_leaf': 12, 'max_features': 1.0, 'max_depth': 22}",0.028293293615994752,0.023668613208100986,0.05637312842833819,0.05725684939254572,0.0190807434522422,0.03693452561944437,0.016494053370942372,97
0.17703661918640137,0.005179631517657304,0.002309751510620117,0.0005210584105895572,20,7,12,0.5,42,"{'n_estimators': 20, 'min_samples_split': 7, 'min_samples_leaf': 12, 'max_features': 0.5, 'max_depth': 42}",0.02014949722227899,0.018566664084341378,0.04500792600248671,0.04270437177770314,0.03244426801191935,0.03177454541974591,0.010996561909767813,125
0.3356945991516113,0.0065199734986090465,0.0028189659118652345,0.0006690876750915044,20,5,12,1.0,,"{'n_estimators': 20, 'min_samples_split': 5, 'min_samples_leaf': 12, 'max_features': 1.0, 'max_depth': None}",0.0007414040400552935,0.01572418823212296,0.03164230569796611,0.04113204992892194,0.002330084818172873,0.018314006543447836,0.015932959132824887,148
0.05945210456848145,0.0012605850625603526,0.0015038490295410157,4.679582791888925e-05,20,4,12,0.5,2,"{'n_estimators': 20, 'min_samples_split': 4, 'min_samples_leaf': 12, 'max_features': 0.5, 'max_depth': 2}",0.040765695052834894,0.022909771360942743,0.041880471773625416,0.03798728230146364,0.03949964084699431,0.0366085722671722,0.00697123890598538,98
0.033944892883300784,0.005843802508563812,0.0014686107635498047,8.6459847388204e-05,20,8,2,sqrt,2,"{'n_estimators': 20, 'min_samples_split': 8, 'min_samples_leaf': 2, 'max_features': 'sqrt', 'max_depth': 2}",0.020952601533116955,0.011202212465956651,0.027685716201685473,0.019139804345430278,0.03182206645951413,0.022160480201140698,0.007135006196880571,142
0.00028367042541503905,7.371560097426647e-05,0.0,0.0,50,1,12,1.0,92,"{'n_estimators': 50, 'min_samples_split': 1, 'min_samples_leaf': 12, 'max_features': 1.0, 'max_depth': 92}",,,,,,,,176
0.3391155242919922,0.010930226470734017,0.0027564525604248046,0.000895605162377134,20,4,12,1.0,42,"{'n_estimators': 20, 'min_samples_split': 4, 'min_samples_leaf': 12, 'max_features': 1.0, 'max_depth': 42}",0.009555812684925002,0.03342377773829075,0.06251543384626035,0.024056146042990445,0.03531347330334489,0.032972928723162286,0.017356908478344996,118
0.1939627170562744,0.003442731423894836,0.0021517276763916016,2.8319872270031735e-05,20,7,8,0.5,62,"{'n_estimators': 20, 'min_samples_split': 7, 'min_samples_leaf': 8, 'max_features': 0.5, 'max_depth': 62}",0.006156727702691822,0.01927711082872352,0.04424370673144318,0.03035690010599912,0.02374540805693226,0.02475597068515798,0.012554785926169824,136
0.9154918193817139,0.014630733450606798,0.01822690963745117,0.00017992863665118329,200,3,4,sqrt,,"{'n_estimators': 200, 'min_samples_split': 3, 'min_samples_leaf': 4, 'max_features': 'sqrt', 'max_depth': None}",0.04043040755816807,0.03602592405561844,0.06356175594894542,0.06642029035212804,0.03980158981870141,0.049247993546712276,0.012973658384327366,10
0.21728839874267578,0.003488298959035032,0.0014849662780761718,2.2496710186648902e-05,10,8,4,1.0,72,"{'n_estimators': 10, 'min_samples_split': 8, 'min_samples_leaf': 4, 'max_features': 1.0, 'max_depth': 72}",-0.028330961139281685,-0.04784683341127738,0.016212764938212554,-0.001508786282071517,-0.03666007012900563,-0.019626777204684732,0.023558445764526443,167
0.19178276062011718,0.002079876067508184,0.004368972778320312,8.122139636462323e-05,50,8,8,sqrt,12,"{'n_estimators': 50, 'min_samples_split': 8, 'min_samples_leaf': 8, 'max_features': 'sqrt', 'max_depth': 12}",0.048703644087661147,0.03025240477195945,0.05119433495379477,0.060793793569301924,0.03234007405338368,0.0446568502872202,0.011650812947727063,62
0.9092815399169922,0.012836703487803544,0.018034601211547853,0.00013786388947483973,200,4,4,sqrt,32,"{'n_estimators': 200, 'min_samples_split': 4, 'min_samples_leaf': 4, 'max_features': 'sqrt', 'max_depth': 32}",0.05078075718752839,0.0339505699043916,0.05689419055894507,0.04879983692428236,0.025319076646730054,0.043148886244375496,0.011675814508277444,77
0.4862514019012451,0.009829496409034404,0.004505825042724609,5.2560001682336336e-05,50,8,8,0.5,,"{'n_estimators': 50, 'min_samples_split': 8, 'min_samples_leaf': 8, 'max_features': 0.5, 'max_depth': None}",0.015059309138530819,0.010253188783033829,0.05001942254663483,0.0400275083540611,0.029674751891563322,0.02900683614276478,0.014897401878471397,129
8.34782395362854,0.10200139642039634,0.037786006927490234,0.000560944735337974,500,4,12,1.0,92,"{'n_estimators': 500, 'min_samples_split': 4, 'min_samples_leaf': 12, 'max_features': 1.0, 'max_depth': 92}",0.046447428114456235,0.03407689873384123,0.06734963798047855,0.051731040707402975,0.03095523101506048,0.04611204731024789,0.013094233127752186,43
0.6264430522918701,0.015139316354247132,0.005197858810424805,3.094911933468683e-05,50,7,2,0.5,92,"{'n_estimators': 50, 'min_samples_split': 7, 'min_samples_leaf': 2, 'max_features': 0.5, 'max_depth': 92}",0.039219801565640866,0.022119250508181643,0.061349276807313946,0.050811327655534755,0.044278284434477455,0.043555588194229736,0.01302381678713537,70
8.981243324279784,0.4155096780811945,0.07592401504516602,0.0027060182317370004,1000,5,12,0.5,82,"{'n_estimators': 1000, 'min_samples_split': 5, 'min_samples_leaf': 12, 'max_features': 0.5, 'max_depth': 82}",0.045519922903531906,0.035027462694092515,0.06595175789491825,0.056883474609406015,0.034412141796831386,0.047558951979756015,0.012322958354063517,28
0.01637411117553711,0.0002735502193515383,0.0009821414947509765,4.272327889346294e-05,10,4,2,sqrt,2,"{'n_estimators': 10, 'min_samples_split': 4, 'min_samples_leaf': 2, 'max_features': 'sqrt', 'max_depth': 2}",0.03185424909123036,0.008558585431798216,0.023567698768175327,0.03151103133347577,0.027640913439156978,0.024626495612767328,0.008579309478145771,137
4.350204038619995,0.09758699421049838,0.018180274963378908,0.0001446188693780501,200,8,4,1.0,52,"{'n_estimators': 200, 'min_samples_split': 8, 'min_samples_leaf': 4, 'max_features': 1.0, 'max_depth': 52}",0.031091509717421695,0.042804054575760864,0.06590388405535563,0.06435037887972817,0.020975010540610906,0.045024967553775455,0.017815020691908514,59
2.1672917366027833,0.030659168223280357,0.00964665412902832,0.00029634034898131945,100,5,4,1.0,32,"{'n_estimators': 100, 'min_samples_split': 5, 'min_samples_leaf': 4, 'max_features': 1.0, 'max_depth': 32}",0.02420015464129266,0.030087833272701037,0.06851823150751712,0.05925798174001995,0.02514006680793779,0.04144085359389371,0.018668062945477192,87
0.16298751831054686,0.004311193771869766,0.0012603759765625,3.58369693672126e-05,10,4,12,1.0,12,"{'n_estimators': 10, 'min_samples_split': 4, 'min_samples_leaf': 12, 'max_features': 1.0, 'max_depth': 12}",0.0032958695256795068,-0.014032786626573035,0.042989764013285914,0.026620899952992327,0.025503358577816826,0.01687542108864031,0.01995543081377369,150
2.5092334747314453,0.008901880099391744,0.023412752151489257,0.0003022278922640652,500,8,4,1.0,2,"{'n_estimators': 500, 'min_samples_split': 8, 'min_samples_leaf': 4, 'max_features': 1.0, 'max_depth': 2}",0.04281734496183198,0.023638946719626852,0.037508934944381456,0.03831536192658436,0.03733252880660298,0.035922623471805526,0.006459958412112902,109
0.00024523735046386717,3.6249222237269655e-05,0.0,0.0,50,1,12,sqrt,42,"{'n_estimators': 50, 'min_samples_split': 1, 'min_samples_leaf': 12, 'max_features': 'sqrt', 'max_depth': 42}",,,,,,,,176
1.1425717353820801,0.028065736577695618,0.009807109832763672,0.0005261234596819486,100,4,4,0.5,32,"{'n_estimators': 100, 'min_samples_split': 4, 'min_samples_leaf': 4, 'max_features': 0.5, 'max_depth': 32}",0.04159620991256219,0.031103853614906862,0.06246166561424882,0.05391161111185272,0.018481764037174386,0.04151102085814899,0.01569310174099916,86
0.00034837722778320314,6.562263392791063e-05,0.0,0.0,50,1,2,0.5,12,"{'n_estimators': 50, 'min_samples_split': 1, 'min_samples_leaf': 2, 'max_features': 0.5, 'max_depth': 12}",,,,,,,,176
0.00023107528686523439,1.5092027883571622e-05,0.0,0.0,1000,1,12,0.5,,"{'n_estimators': 1000, 'min_samples_split': 1, 'min_samples_leaf': 12, 'max_features': 0.5, 'max_depth': None}",,,,,,,,176
0.18498663902282714,0.007719891024103165,0.0013203620910644531,3.1208254336971246e-05,10,4,8,1.0,92,"{'n_estimators': 10, 'min_samples_split': 4, 'min_samples_leaf': 8, 'max_features': 1.0, 'max_depth': 92}",-0.013301193981357873,-0.004221361224392206,-0.01138247834236017,0.009001086545138537,-0.05999256776954742,-0.015979302954503827,0.0233569672566819,166
0.00022635459899902343,1.3269959181691762e-05,0.0,0.0,50,1,8,sqrt,62,"{'n_estimators': 50, 'min_samples_split': 1, 'min_samples_leaf': 8, 'max_features': 'sqrt', 'max_depth': 62}",,,,,,,,176
5.154145669937134,0.0934511682173572,0.10003719329833985,0.0010538974743018016,1000,2,2,sqrt,22,"{'n_estimators': 1000, 'min_samples_split': 2, 'min_samples_leaf': 2, 'max_features': 'sqrt', 'max_depth': 22}",0.040797341284096955,0.03668507383771835,0.06761578440466876,0.06684174825814082,0.030591589346815606,0.0485063074262881,0.015629890257385624,17
0.8786325931549073,0.015637128599878997,0.008140325546264648,0.0002916761486416722,100,8,12,0.5,,"{'n_estimators': 100, 'min_samples_split': 8, 'min_samples_leaf': 12, 'max_features': 0.5, 'max_depth': None}",0.05914228572543201,0.02766601770284094,0.06550676286026746,0.06312065695704472,0.04237371796466549,0.05156188824205012,0.014428875148142783,1
0.2104480266571045,0.028456863797059608,0.004384040832519531,3.491932912681693e-05,50,7,8,sqrt,72,"{'n_estimators': 50, 'min_samples_split': 7, 'min_samples_leaf': 8, 'max_features': 'sqrt', 'max_depth': 72}",0.03481594072320959,0.02865044768383851,0.058175361040002205,0.058599957068393715,0.023673961006831168,0.04078313350445504,0.014801770292911264,90
0.10325741767883301,0.0009401759565803641,0.002449655532836914,3.88078074501294e-05,20,2,2,sqrt,62,"{'n_estimators': 20, 'min_samples_split': 2, 'min_samples_leaf': 2, 'max_features': 'sqrt', 'max_depth': 62}",0.004110207644114627,0.005436584291646174,0.025060995857454804,0.023706176005719226,-0.043261335306214344,0.0030105256985440976,0.024749599420548822,160
1.6508076667785645,0.04562127492962097,0.00800771713256836,0.0001500925833785489,100,2,12,1.0,42,"{'n_estimators': 100, 'min_samples_split': 2, 'min_samples_leaf': 12, 'max_features': 1.0, 'max_depth': 42}",0.04197825241565156,0.033037502098075544,0.06818029394844138,0.04806967654033223,0.029317033766673495,0.044116551753834846,0.013718850403535092,65
0.04190859794616699,0.0011179464065220089,0.00130157470703125,2.1387302724658096e-05,10,2,8,sqrt,62,"{'n_estimators': 10, 'min_samples_split': 2, 'min_samples_leaf': 8, 'max_features': 'sqrt', 'max_depth': 62}",0.018159175001529193,0.012671470127782802,0.02048402007100414,0.04068932170197326,0.01968955875252354,0.022338709130962586,0.009572114358403239,141
0.0002384185791015625,4.5761463600197136e-06,0.0,0.0,1000,1,8,1.0,52,"{'n_estimators': 1000, 'min_samples_split': 1, 'min_samples_leaf': 8, 'max_features': 1.0, 'max_depth': 52}",,,,,,,,176
0.000264739990234375,3.75097215225027e-05,0.0,0.0,100,1,2,sqrt,22,"{'n_estimators': 100, 'min_samples_split': 1, 'min_samples_leaf': 2, 'max_features': 'sqrt', 'max_depth': 22}",,,,,,,,176
0.7305345058441162,0.012973453042316698,0.015511274337768555,0.00033709048385078335,200,7,12,sqrt,72,"{'n_estimators': 200, 'min_samples_split': 7, 'min_samples_leaf': 12, 'max_features': 'sqrt', 'max_depth': 72}",0.04387308794597089,0.03560261027800138,0.0625294224025238,0.05694617954231962,0.0345288903063653,0.046696038095036196,0.011267955732120541,35
3.603989505767822,0.05210005212845308,0.07418313026428222,0.0011162512995312427,1000,3,12,sqrt,92,"{'n_estimators': 1000, 'min_samples_split': 3, 'min_samples_leaf': 12, 'max_features': 'sqrt', 'max_depth': 92}",0.04625442352677078,0.0347871518564179,0.06249228871385015,0.05769308909617077,0.03669173753324684,0.047583738145291286,0.011032853049322248,27
20.60065155029297,0.33984522813458445,0.08327722549438477,0.0037059636442133416,1000,5,4,1.0,92,"{'n_estimators': 1000, 'min_samples_split': 5, 'min_samples_leaf': 4, 'max_features': 1.0, 'max_depth': 92}",0.03857401088810841,0.03835886341976458,0.0669477317953503,0.06172970424784896,0.030036123330306475,0.04712928673627574,0.014479173051552463,32
0.4407095432281494,0.01571279864184923,0.0042759418487548825,7.167999763634435e-05,50,2,12,0.5,32,"{'n_estimators': 50, 'min_samples_split': 2, 'min_samples_leaf': 12, 'max_features': 0.5, 'max_depth': 32}",0.03515408878539483,0.03189795656994321,0.06181954114880028,0.030663980555874826,0.021101330905082927,0.03612737959301922,0.013671527696084212,107
1.6774703025817872,0.056419395288270356,0.00797443389892578,0.00010981575282189824,100,5,12,1.0,22,"{'n_estimators': 100, 'min_samples_split': 5, 'min_samples_leaf': 12, 'max_features': 1.0, 'max_depth': 22}",0.041488396815590356,0.03366132111738718,0.06385610879634895,0.04553025719858694,0.027288697175168575,0.0423649562206164,0.012455552789986547,82
0.0002631664276123047,3.165114171056636e-05,0.0,0.0,50,1,2,sqrt,2,"{'n_estimators': 50, 'min_samples_split': 1, 'min_samples_leaf': 2, 'max_features': 'sqrt', 'max_depth': 2}",,,,,,,,176
17.65436363220215,0.32298046967312727,0.07295241355895996,0.001505755269811668,1000,4,8,1.0,42,"{'n_estimators': 1000, 'min_samples_split': 4, 'min_samples_leaf': 8, 'max_features': 1.0, 'max_depth': 42}",0.03961380279840965,0.030805191575789315,0.06277181164936951,0.061248194282363055,0.030525603164749615,0.044992920694136226,0.01428182569837619,60
3.9639029026031496,0.04498517200982513,0.07941102981567383,0.0008762917425090131,1000,3,8,sqrt,52,"{'n_estimators': 1000, 'min_samples_split': 3, 'min_samples_leaf': 8, 'max_features': 'sqrt', 'max_depth': 52}",0.04964156051016033,0.037889990191377176,0.06706881747859428,0.055764459872151506,0.03348630040796796,0.04877022569205025,0.012136679069180669,12
0.13240175247192382,0.009975506176874168,0.0014890670776367188,6.698375814088752e-05,10,2,2,0.5,42,"{'n_estimators': 10, 'min_samples_split': 2, 'min_samples_leaf': 2, 'max_features': 0.5, 'max_depth': 42}",-0.0875417652689563,0.003953093255972595,0.01800324962264821,0.011472617964313647,-0.07832958160047654,-0.026488477205299676,0.04639450787119795,170
0.00034966468811035154,0.0001967409890089867,0.0,0.0,50,1,2,sqrt,22,"{'n_estimators': 50, 'min_samples_split': 1, 'min_samples_leaf': 2, 'max_features': 'sqrt', 'max_depth': 22}",,,,,,,,176
0.7917088985443115,0.009876942811122155,0.01603074073791504,0.00015422968942752533,200,3,8,sqrt,22,"{'n_estimators': 200, 'min_samples_split': 3, 'min_samples_leaf': 8, 'max_features': 'sqrt', 'max_depth': 22}",0.044977010962250596,0.029798678843101722,0.061800167646992255,0.05496573451456477,0.04148951073818152,0.04660622054101817,0.011064049923226594,36
0.482969331741333,0.0066144335084600625,0.004523420333862304,8.201940108019667e-05,50,7,8,0.5,22,"{'n_estimators': 50, 'min_samples_split': 7, 'min_samples_leaf': 8, 'max_features': 0.5, 'max_depth': 22}",0.010432051566068523,0.022557276953071193,0.06532514310569604,0.058138151772346935,0.03646405989665469,0.038583336658767474,0.020742882066996638,95
0.3269496917724609,0.004750421918668033,0.0019587039947509765,3.7660657921766575e-05,20,2,12,1.0,12,"{'n_estimators': 20, 'min_samples_split': 2, 'min_samples_leaf': 12, 'max_features': 1.0, 'max_depth': 12}",0.04197045297370716,0.015649317681512676,0.03369771317402814,0.05720510293158809,0.013174366563232565,0.03233939066481373,0.016484918760933838,121
4.751032924652099,0.07602417439774187,0.01877145767211914,0.0001552851083021814,200,8,2,1.0,62,"{'n_estimators': 200, 'min_samples_split': 8, 'min_samples_leaf': 2, 'max_features': 1.0, 'max_depth': 62}",0.03133842992927327,0.032195780930159956,0.05685702768781886,0.05650846977385626,0.014988718292882841,0.03837768532279824,0.016155632307005716,96
0.9611298084259033,0.09851980459729844,0.01811981201171875,0.00014002053389572391,200,4,4,sqrt,72,"{'n_estimators': 200, 'min_samples_split': 4, 'min_samples_leaf': 4, 'max_features': 'sqrt', 'max_depth': 72}",0.051071194093123884,0.03751531330732116,0.06562318368506515,0.05037748758652161,0.025980461003840105,0.046113527935174384,0.013436191067184595,42
1.515232753753662,0.006776110844984684,0.04578757286071777,0.0005079145318985461,1000,5,2,sqrt,2,"{'n_estimators': 1000, 'min_samples_split': 5, 'min_samples_leaf': 2, 'max_features': 'sqrt', 'max_depth': 2}",0.027175693588467165,0.01982497781675241,0.027236120144847775,0.028430111423196514,0.02720105918320692,0.025973592431294157,0.00311080842490669,133
0.9809347152709961,0.017952305726674715,0.018867349624633788,0.0001926875651199037,200,8,2,sqrt,72,"{'n_estimators': 200, 'min_samples_split': 8, 'min_samples_leaf': 2, 'max_features': 'sqrt', 'max_depth': 72}",0.03907107530232523,0.04219420938003837,0.06520811579298269,0.05270609849489494,0.03042728148938134,0.04592135609192451,0.011990797692718167,45
19.409290742874145,0.1787558293531473,0.07744455337524414,0.004519200206714207,1000,5,2,1.0,12,"{'n_estimators': 1000, 'min_samples_split': 5, 'min_samples_leaf': 2, 'max_features': 1.0, 'max_depth': 12}",0.0398703773725716,0.0333603508978203,0.06590575264832932,0.06230818923455128,0.027270838148166443,0.04574310166028779,0.01555622414003322,50
0.8332071304321289,0.02035600720242318,0.004285478591918945,2.0919297745827204e-05,50,5,12,1.0,32,"{'n_estimators': 50, 'min_samples_split': 5, 'min_samples_leaf': 12, 'max_features': 1.0, 'max_depth': 32}",0.04121378458249647,0.016520453055680173,0.05333098914231482,0.04748380682742148,0.007190563103272596,0.03314791934223711,0.018045437853617168,116
0.21790695190429688,0.036246362463109735,0.0020951271057128907,1.8870706280692633e-05,20,8,8,0.5,42,"{'n_estimators': 20, 'min_samples_split': 8, 'min_samples_leaf': 8, 'max_features': 0.5, 'max_depth': 42}",0.021387531145409366,0.001487255132746279,0.03484314167846936,0.05718248446547736,0.0031795040285523823,0.023615983290130947,0.02080891818459116,139
2.416844892501831,0.3155453239216965,0.018073320388793945,0.0002574582872487795,200,7,4,0.5,72,"{'n_estimators': 200, 'min_samples_split': 7, 'min_samples_leaf': 4, 'max_features': 0.5, 'max_depth': 72}",0.038990577381308955,0.025227239442145777,0.06256280866313879,0.05496225642799779,0.025038883589888705,0.041356353100896005,0.015276382924467043,88
0.00026240348815917967,5.669282996125593e-05,0.0,0.0,500,1,12,0.5,22,"{'n_estimators': 500, 'min_samples_split': 1, 'min_samples_leaf': 12, 'max_features': 0.5, 'max_depth': 22}",,,,,,,,176
0.052973175048828126,0.0014018888991973548,0.0014531612396240234,4.5087468547649746e-05,10,4,2,sqrt,22,"{'n_estimators': 10, 'min_samples_split': 4, 'min_samples_leaf': 2, 'max_features': 'sqrt', 'max_depth': 22}",-0.09679426139679936,-0.015543417981574104,0.011445032138179712,-0.0241525083379035,-0.04588172697871906,-0.03418537651136326,0.036295984174532836,172
2.305176830291748,0.19536511788578012,0.009337854385375977,7.460184011652131e-05,100,8,4,1.0,62,"{'n_estimators': 100, 'min_samples_split': 8, 'min_samples_leaf': 4, 'max_features': 1.0, 'max_depth': 62}",0.042288246091576664,0.026752513188868177,0.05550782319130043,0.052522024323697125,0.0243977339213588,0.04029366814336024,0.01281425106808213,91
8.453992938995361,0.10705883754976643,0.06683249473571777,0.0003756672330122351,1000,8,12,0.5,12,"{'n_estimators': 1000, 'min_samples_split': 8, 'min_samples_leaf': 12, 'max_features': 0.5, 'max_depth': 12}",0.04766914461181848,0.03105765861706511,0.06892349461873826,0.05586552606445794,0.036536129801112205,0.048010390742638395,0.013551614695335147,24
0.6165802955627442,0.013299677604076281,0.005119228363037109,6.233551210111008e-05,50,7,2,0.5,82,"{'n_estimators': 50, 'min_samples_split': 7, 'min_samples_leaf': 2, 'max_features': 0.5, 'max_depth': 82}",0.0357616055312695,0.016444658401434276,0.05051265012735873,0.052710328840707255,0.004908612390788103,0.032067571058311574,0.018770587189548042,122
0.052996587753295896,0.0033848889798859636,0.0014683723449707032,5.43722756598201e-05,10,5,2,sqrt,62,"{'n_estimators': 10, 'min_samples_split': 5, 'min_samples_leaf': 2, 'max_features': 'sqrt', 'max_depth': 62}",-0.030376141778044596,-0.05380126559703258,-0.016829586421436282,0.04267660243740368,-0.04612919111262204,-0.020891916494346362,0.03425596281685923,168
0.00026874542236328126,7.974642083204367e-05,0.0,0.0,200,1,8,sqrt,52,"{'n_estimators': 200, 'min_samples_split': 1, 'min_samples_leaf': 8, 'max_features': 'sqrt', 'max_depth': 52}",,,,,,,,176
0.00036745071411132814,0.00030833827463321365,0.0,0.0,1000,1,8,0.5,2,"{'n_estimators': 1000, 'min_samples_split': 1, 'min_samples_leaf': 8, 'max_features': 0.5, 'max_depth': 2}",,,,,,,,176
0.0002472400665283203,9.03628432073568e-05,0.0,0.0,1000,1,8,0.5,22,"{'n_estimators': 1000, 'min_samples_split': 1, 'min_samples_leaf': 8, 'max_features': 0.5, 'max_depth': 22}",,,,,,,,176
0.042603588104248045,0.01062249247804925,0.0012212276458740234,2.2895831578726056e-05,10,7,12,sqrt,,"{'n_estimators': 10, 'min_samples_split': 7, 'min_samples_leaf': 12, 'max_features': 'sqrt', 'max_depth': None}",0.03030696573355751,0.021058413316261015,0.0408067688787731,0.005468509604879768,-0.006939906511346017,0.018140150204425075,0.01708743972740494,149
2.1722030639648438,0.04144300796173198,0.009342193603515625,3.4154324828547813e-05,100,5,4,1.0,62,"{'n_estimators': 100, 'min_samples_split': 5, 'min_samples_leaf': 4, 'max_features': 1.0, 'max_depth': 62}",0.035250871430803854,0.022706604000390374,0.05392465747042996,0.062210065216080745,0.02307338961525429,0.039433117546591845,0.016085410846319724,94
0.2526203155517578,0.0007654078250109192,0.0028589248657226564,5.9259253184312663e-05,50,4,2,1.0,2,"{'n_estimators': 50, 'min_samples_split': 4, 'min_samples_leaf': 2, 'max_features': 1.0, 'max_depth': 2}",0.04120232676554947,0.02607370115335894,0.03978766416627777,0.03606280158618669,0.03949257321769217,0.036523813377813005,0.005491304432485483,99
3.600333309173584,0.06358793609462156,0.07379326820373536,0.00037542917820565557,1000,8,12,sqrt,82,"{'n_estimators': 1000, 'min_samples_split': 8, 'min_samples_leaf': 12, 'max_features': 'sqrt', 'max_depth': 82}",0.04287499011441387,0.03621705818527832,0.06355495555906365,0.05876725054781107,0.037767374625087724,0.047836325806330925,0.011203271368624325,25
0.5038503170013428,0.0018273766813438023,0.005273151397705078,6.183778259647303e-05,100,5,4,1.0,2,"{'n_estimators': 100, 'min_samples_split': 5, 'min_samples_leaf': 4, 'max_features': 1.0, 'max_depth': 2}",0.038652779577911245,0.026695576889881,0.03872603407824837,0.03812445828412914,0.03883603996469753,0.036206977758973455,0.00476199616580461,104
1.2014333248138427,0.026588146680489845,0.005327749252319336,5.126485136221572e-05,50,3,2,1.0,62,"{'n_estimators': 50, 'min_samples_split': 3, 'min_samples_leaf': 2, 'max_features': 1.0, 'max_depth': 62}",0.028624145991773542,0.028181436229875345,0.05709107637500355,0.05075625980946963,0.01629688353300829,0.03618996038782607,0.015271844955774678,105
15.769562005996704,0.23941928384685487,0.06943597793579101,0.0030576023395859474,1000,8,12,1.0,22,"{'n_estimators': 1000, 'min_samples_split': 8, 'min_samples_leaf': 12, 'max_features': 1.0, 'max_depth': 22}",0.04634419181011995,0.03346237259179252,0.06557229394679043,0.05419424901813441,0.03304309948518347,0.04652324137040416,0.012442213144230376,38
1.973779296875,0.03936327085627576,0.03956117630004883,0.0005313804400778626,500,3,8,sqrt,32,"{'n_estimators': 500, 'min_samples_split': 3, 'min_samples_leaf': 8, 'max_features': 'sqrt', 'max_depth': 32}",0.05068447783782093,0.03806208040599757,0.06769153686579565,0.05855768798758232,0.03373816301748811,0.04974678922293692,0.012596298647361769,8
0.08012046813964843,0.0017493670539096909,0.002064228057861328,3.932504693143542e-05,20,2,8,sqrt,62,"{'n_estimators': 20, 'min_samples_split': 2, 'min_samples_leaf': 8, 'max_features': 'sqrt', 'max_depth': 62}",0.021578417744246625,0.02975218103064614,0.058615974473787524,0.04241168684579488,0.02900612926329571,0.03627287787155418,0.013024217615339782,103
2.3227469444274904,0.14831828412251524,0.04446015357971191,0.0003185549027298876,500,5,4,sqrt,32,"{'n_estimators': 500, 'min_samples_split': 5, 'min_samples_leaf': 4, 'max_features': 'sqrt', 'max_depth': 32}",0.046390455739305225,0.03613280130202379,0.0680438484311312,0.06267123251808193,0.03925086416919121,0.050497840431946675,0.012694670573612959,2
0.2526132583618164,0.004026907243798142,0.002386665344238281,1.335961228014943e-05,20,2,2,0.5,32,"{'n_estimators': 20, 'min_samples_split': 2, 'min_samples_leaf': 2, 'max_features': 0.5, 'max_depth': 32}",0.027642014365210965,0.01501116763628052,0.007939566081169303,0.039270170270140126,-0.018314725568096213,0.01430963855694094,0.019525365497512815,152
5.6795886039733885,0.12072750342282326,0.043212175369262695,0.0010312683346610692,500,4,4,0.5,62,"{'n_estimators': 500, 'min_samples_split': 4, 'min_samples_leaf': 4, 'max_features': 0.5, 'max_depth': 62}",0.04368042476353562,0.035100770880299725,0.06824888865331014,0.06075650167567359,0.02434588117323877,0.04642649342921157,0.016155075930682487,39
1.7997304439544677,0.027341267465526217,0.03706545829772949,0.00016301634933264304,500,4,12,sqrt,22,"{'n_estimators': 500, 'min_samples_split': 4, 'min_samples_leaf': 12, 'max_features': 'sqrt', 'max_depth': 22}",0.045285252605747006,0.03412304209239159,0.06421773743335124,0.054038966017198264,0.03511808213945822,0.046556616057629265,0.011445094616807792,37
0.11421408653259277,0.002487613477569037,0.001357269287109375,2.4773698143462344e-05,10,5,4,0.5,42,"{'n_estimators': 10, 'min_samples_split': 5, 'min_samples_leaf': 4, 'max_features': 0.5, 'max_depth': 42}",-0.038542629241306026,-0.07455464581871207,0.04319869306169477,0.0028325208799240276,-0.05249453688879924,-0.023912119601439706,0.04198763823498964,169
0.036768198013305664,0.0015767735175509245,0.001229238510131836,7.102063282437303e-05,10,7,12,sqrt,52,"{'n_estimators': 10, 'min_samples_split': 7, 'min_samples_leaf': 12, 'max_features': 'sqrt', 'max_depth': 52}",0.005177034199475794,0.002576053336449169,0.01891474556606154,0.051693782879106864,0.03042942505315238,0.02175820820684915,0.018012797169114456,143
0.3659842014312744,0.010714088821499206,0.002051639556884766,3.099639592811388e-05,20,3,8,1.0,,"{'n_estimators': 20, 'min_samples_split': 3, 'min_samples_leaf': 8, 'max_features': 1.0, 'max_depth': None}",0.005339967159588621,-0.0181453658820232,0.03378747353613054,0.04471665559580418,0.00532369845490166,0.01420448577288036,0.022443025164916527,153
0.7866353988647461,0.00969290345170414,0.01613316535949707,0.00014694884976642318,200,3,8,sqrt,92,"{'n_estimators': 200, 'min_samples_split': 3, 'min_samples_leaf': 8, 'max_features': 'sqrt', 'max_depth': 92}",0.047074720446173335,0.033882397359710215,0.06559256409884628,0.05642164560277663,0.033091310209119595,0.04721252754332521,0.012647163632397766,31
0.0003342151641845703,0.0001880085771808664,0.0,0.0,20,1,4,0.5,62,"{'n_estimators': 20, 'min_samples_split': 1, 'min_samples_leaf': 4, 'max_features': 0.5, 'max_depth': 62}",,,,,,,,176
1.0385581016540528,0.0376968633440278,0.02060847282409668,0.00024027082969671102,200,3,2,sqrt,92,"{'n_estimators': 200, 'min_samples_split': 3, 'min_samples_leaf': 2, 'max_features': 'sqrt', 'max_depth': 92}",0.05073558398738742,0.03373925161702118,0.06107066273680506,0.04903851205423981,0.026865168188304644,0.04428983571675162,0.012333917597632794,64
0.8612945079803467,0.011067712433776952,0.007815742492675781,9.411738821850641e-05,100,5,12,0.5,12,"{'n_estimators': 100, 'min_samples_split': 5, 'min_samples_leaf': 12, 'max_features': 0.5, 'max_depth': 12}",0.04455550604306702,0.04277361273909086,0.06173181880223211,0.05449341960005827,0.024620544868657612,0.045634980410621175,0.012558179343263268,52
8.014356756210328,0.13485939885661638,0.034017419815063475,0.0002264999891461516,500,2,12,1.0,82,"{'n_estimators': 500, 'min_samples_split': 2, 'min_samples_leaf': 12, 'max_features': 1.0, 'max_depth': 82}",0.0439765940172836,0.03169556067575641,0.07081040625574297,0.05614101828899376,0.028403005182487062,0.04620531688405276,0.01572610007699154,40
0.9751132488250732,0.013059198771861454,0.018639659881591795,0.00018283323325916034,200,8,2,sqrt,52,"{'n_estimators': 200, 'min_samples_split': 8, 'min_samples_leaf': 2, 'max_features': 'sqrt', 'max_depth': 52}",0.03718550816147548,0.0363789935830332,0.06914934279476881,0.06196981100017451,0.023435893659676577,0.04562390983982571,0.017144198097037173,54
5.6108925342559814,0.0907501042395533,0.04120693206787109,0.0005970351525775534,500,7,4,0.5,42,"{'n_estimators': 500, 'min_samples_split': 7, 'min_samples_leaf': 4, 'max_features': 0.5, 'max_depth': 42}",0.04022961394230429,0.041822908023829486,0.06468467314636028,0.06235503223474337,0.031396973344379075,0.0480978401383233,0.013104146396412263,22
0.9856358051300049,0.013229784430354212,0.01908268928527832,0.00019123938115167544,200,7,2,sqrt,22,"{'n_estimators': 200, 'min_samples_split': 7, 'min_samples_leaf': 2, 'max_features': 'sqrt', 'max_depth': 22}",0.041649960053645296,0.03693377063960068,0.06929369950409048,0.052425503342639956,0.025066366183561173,0.045073859944707514,0.014959486888887973,58
0.29437737464904784,0.0018374008445908026,0.005165863037109375,7.594541573028163e-05,100,5,4,0.5,2,"{'n_estimators': 100, 'min_samples_split': 5, 'min_samples_leaf': 4, 'max_features': 0.5, 'max_depth': 2}",0.03793544934253079,0.017396545186724288,0.036320017250304315,0.03444428753668949,0.04126951294052217,0.03347316245135421,0.008345062900903569,114
3.3391582489013674,0.06619459252955348,0.015370416641235351,7.967225492226489e-05,200,7,12,1.0,22,"{'n_estimators': 200, 'min_samples_split': 7, 'min_samples_leaf': 12, 'max_features': 1.0, 'max_depth': 22}",0.04275445550228696,0.03407753383465406,0.06390730835340663,0.05607665083217894,0.03222311796547095,0.04580781329759951,0.012365331721862743,47
2.9277369022369384,0.019370778687173254,0.04654879570007324,0.0009014072354466036,1000,8,8,0.5,2,"{'n_estimators': 1000, 'min_samples_split': 8, 'min_samples_leaf': 8, 'max_features': 0.5, 'max_depth': 2}",0.0372488605072947,0.024330140376023213,0.03716914256721837,0.03656659407120244,0.03795805020909149,0.034654557546166045,0.005181043968785389,112
0.2815080165863037,0.10470058061154665,0.004992389678955078,0.0001648327913085536,50,2,4,sqrt,62,"{'n_estimators': 50, 'min_samples_split': 2, 'min_samples_leaf': 4, 'max_features': 'sqrt', 'max_depth': 62}",0.0586641590408733,0.024612362419579537,0.06833408414796294,0.05058355897376121,0.02047595774143418,0.04453402446472223,0.018859287393457217,63
0.21641936302185058,0.07317152931178435,0.004168987274169922,6.159547567135802e-05,50,3,12,sqrt,52,"{'n_estimators': 50, 'min_samples_split': 3, 'min_samples_leaf': 12, 'max_features': 'sqrt', 'max_depth': 52}",0.03686875307382875,0.0347798584098552,0.05510142472630164,0.05641946982796131,0.021468460450397853,0.04092759329766895,0.013219851853771808,89
0.46094179153442383,0.005841551121202481,0.009284877777099609,4.213379108045116e-05,100,5,4,sqrt,72,"{'n_estimators': 100, 'min_samples_split': 5, 'min_samples_leaf': 4, 'max_features': 'sqrt', 'max_depth': 72}",0.03601143958055997,0.03559081784666884,0.06167105082725477,0.0634731297528005,0.019690598386121083,0.04328740727868104,0.016819086340608684,75
0.4537544250488281,0.05487239003424628,0.0022449493408203125,3.8442953558205896e-05,20,8,4,1.0,,"{'n_estimators': 20, 'min_samples_split': 8, 'min_samples_leaf': 4, 'max_features': 1.0, 'max_depth': None}",0.026218316703451094,-0.00809279333388524,0.05585033434587583,0.04099157960527999,0.006296093338139297,0.024252706131772196,0.023026658018660124,138
1.659476137161255,0.03723568441568316,0.007937383651733399,7.051491369735116e-05,100,3,12,1.0,22,"{'n_estimators': 100, 'min_samples_split': 3, 'min_samples_leaf': 12, 'max_features': 1.0, 'max_depth': 22}",0.05180072225313481,0.03266370195726698,0.053873538384162534,0.04320025385690707,0.026357999116537134,0.041579243113601706,0.01067173041974008,85
9.244767761230468,0.15689421553455957,0.07223639488220215,0.0007052350414657406,1000,5,8,0.5,82,"{'n_estimators': 1000, 'min_samples_split': 5, 'min_samples_leaf': 8, 'max_features': 0.5, 'max_depth': 82}",0.04387125297076244,0.034580235306651,0.06656857436724928,0.06185272013258636,0.03469181795024279,0.04831292014549837,0.013494032458404057,20
0.3980543613433838,0.005413635666712264,0.008277082443237304,0.00014310903967214539,100,2,8,sqrt,52,"{'n_estimators': 100, 'min_samples_split': 2, 'min_samples_leaf': 8, 'max_features': 'sqrt', 'max_depth': 52}",0.05009092668165449,0.03383070263404375,0.0609866945662052,0.06338070921195871,0.03561593241598804,0.04878099310197004,0.012334316297634308,11
0.0002182483673095703,1.3005159830436633e-05,0.0,0.0,1000,1,2,sqrt,,"{'n_estimators': 1000, 'min_samples_split': 1, 'min_samples_leaf': 2, 'max_features': 'sqrt', 'max_depth': None}",,,,,,,,176
4.961135911941528,0.06409065550454748,0.09179458618164063,0.0039049366801688994,1000,5,2,sqrt,42,"{'n_estimators': 1000, 'min_samples_split': 5, 'min_samples_leaf': 2, 'max_features': 'sqrt', 'max_depth': 42}",0.042327817170158544,0.0419500167801341,0.06833125240322735,0.06714651481748557,0.03031471780246664,0.05001406379469444,0.01510769175298884,3
0.01617274284362793,0.00031104675189760184,0.0009223461151123047,7.5509087435980095e-06,10,7,12,sqrt,2,"{'n_estimators': 10, 'min_samples_split': 7, 'min_samples_leaf': 12, 'max_features': 'sqrt', 'max_depth': 2}",0.014331570279454087,0.024849437470543134,0.027674261469977313,0.015642072079509184,0.020894456521632576,0.02067835956422326,0.005138738330066495,144
0.0002520561218261719,2.8853337245713323e-05,0.0,0.0,10,1,8,sqrt,62,"{'n_estimators': 10, 'min_samples_split': 1, 'min_samples_leaf': 8, 'max_features': 'sqrt', 'max_depth': 62}",,,,,,,,176
2.2822878837585447,0.03283565152502106,0.044759607315063475,0.0002490709315179239,500,4,4,sqrt,42,"{'n_estimators': 500, 'min_samples_split': 4, 'min_samples_leaf': 4, 'max_features': 'sqrt', 'max_depth': 42}",0.04551757295867642,0.04164681513773871,0.07131328595937625,0.06329477353899793,0.027914593592635262,0.049937408237484916,0.015547479531410086,6
0.25780549049377444,0.005570871286513308,0.005339670181274414,0.000139975334590307,50,3,2,sqrt,62,"{'n_estimators': 50, 'min_samples_split': 3, 'min_samples_leaf': 2, 'max_features': 'sqrt', 'max_depth': 62}",0.03813791197485128,0.02353687767089463,0.045594216419921674,0.04008468286536493,0.011482549573277767,0.031767247700862054,0.012491261937233183,126
0.04151697158813476,0.0012386891051956457,0.00127716064453125,1.2307018329382409e-05,10,3,8,sqrt,62,"{'n_estimators': 10, 'min_samples_split': 3, 'min_samples_leaf': 8, 'max_features': 'sqrt', 'max_depth': 62}",0.005181525312311308,-0.016861704413269507,0.03049066740663353,-0.0064723923533280825,-0.0036191882285294685,0.0017437815447635563,0.01600395323046275,161
10.226125001907349,0.21576227985420024,0.04075188636779785,0.0003800348295966279,500,2,4,1.0,32,"{'n_estimators': 500, 'min_samples_split': 2, 'min_samples_leaf': 4, 'max_features': 1.0, 'max_depth': 32}",0.03363569786566767,0.035710652242058605,0.0641445275012692,0.06108075407690017,0.022981830926816715,0.04351069252254247,0.016212664896433193,72
0.9088674545288086,0.014306120534824433,0.004431867599487304,5.227266314551497e-05,50,4,8,1.0,92,"{'n_estimators': 50, 'min_samples_split': 4, 'min_samples_leaf': 8, 'max_features': 1.0, 'max_depth': 92}",0.023498720383650085,0.018693179229537504,0.05429826031651652,0.05374050106738759,0.02340719226603105,0.03472757065262455,0.015848300668301684,110
5.476093816757202,0.09277761965269075,0.04115009307861328,0.00026629197264605825,500,4,4,0.5,52,"{'n_estimators': 500, 'min_samples_split': 4, 'min_samples_leaf': 4, 'max_features': 0.5, 'max_depth': 52}",0.039836737081654805,0.03855921403472673,0.06676859456538109,0.06397331809218365,0.030995251834003756,0.048026623121590006,0.014507461874399679,23
0.040600252151489255,0.0010686446733988377,0.0012616157531738282,3.557972147798126e-05,10,5,8,sqrt,22,"{'n_estimators': 10, 'min_samples_split': 5, 'min_samples_leaf': 8, 'max_features': 'sqrt', 'max_depth': 22}",-0.019697004469094948,0.006071574658968681,0.02500727462176433,0.005210762157271787,0.002281373550318766,0.0037747961038457232,0.014221892049309197,159
0.30495524406433105,0.002226034018250718,0.009699440002441407,8.737468115232256e-05,200,3,4,sqrt,2,"{'n_estimators': 200, 'min_samples_split': 3, 'min_samples_leaf': 4, 'max_features': 'sqrt', 'max_depth': 2}",0.026129975582221965,0.01849923517410923,0.025883154247009488,0.02688094223868931,0.027535913553828895,0.024985844159171777,0.003294982515298019,135
0.1822049140930176,0.005983749556381725,0.0012807369232177735,1.2997115004253629e-05,10,8,8,1.0,72,"{'n_estimators': 10, 'min_samples_split': 8, 'min_samples_leaf': 8, 'max_features': 1.0, 'max_depth': 72}",0.004390487387025521,-0.026030689426828735,0.02413025465869878,0.016200343858403854,-0.03249602835652876,-0.0027611263758458683,0.02262505808694061,164
0.8333175182342529,0.02371024262942378,0.0042098045349121095,3.354080841210446e-05,50,4,12,1.0,62,"{'n_estimators': 50, 'min_samples_split': 4, 'min_samples_leaf': 12, 'max_features': 1.0, 'max_depth': 62}",0.024893362382707118,0.02459778521175926,0.05995738908110637,0.04392756462614422,0.027345586437193314,0.036144337547782054,0.013892194795653009,106
0.00022735595703125,1.0126027487513548e-05,0.0,0.0,1000,1,12,1.0,72,"{'n_estimators': 1000, 'min_samples_split': 1, 'min_samples_leaf': 12, 'max_features': 1.0, 'max_depth': 72}",,,,,,,,176
0.39695448875427247,0.005600891281624666,0.008473062515258789,0.00012208461677665398,100,5,8,sqrt,92,"{'n_estimators': 100, 'min_samples_split': 5, 'min_samples_leaf': 8, 'max_features': 'sqrt', 'max_depth': 92}",0.03945588015420709,0.04115299323301491,0.06355851626049891,0.057728239651383406,0.031706538351277014,0.046720433530076266,0.011948891172765869,34
0.39384284019470217,0.005024172567160241,0.008269548416137695,0.00013944491040216377,100,4,8,sqrt,92,"{'n_estimators': 100, 'min_samples_split': 4, 'min_samples_leaf': 8, 'max_features': 'sqrt', 'max_depth': 92}",0.04203342564385926,0.03088562524596372,0.06719315051167785,0.05074625676586353,0.038301142909357044,0.04583192021534428,0.012449785256448985,46
0.25123820304870603,0.0017260951723532616,0.0028742313385009765,5.781453414387907e-05,50,2,12,1.0,2,"{'n_estimators': 50, 'min_samples_split': 2, 'min_samples_leaf': 12, 'max_features': 1.0, 'max_depth': 2}",0.03864429869070196,0.024674398473567116,0.03983534792508958,0.03717366077176776,0.041283287586468154,0.036322198689518914,0.005979013406215985,102
0.4710227966308594,0.010514436848324912,0.0023602962493896483,2.4791588836490862e-05,20,7,2,1.0,22,"{'n_estimators': 20, 'min_samples_split': 7, 'min_samples_leaf': 2, 'max_features': 1.0, 'max_depth': 22}",-0.004427430538092247,-0.011341447753348888,0.023328352956514364,0.030655690695236437,-0.03626775030962559,0.0003894830101368152,0.024276759377737028,163
0.07337303161621093,0.0007172971109442254,0.0019977569580078127,2.9363801007282726e-05,20,2,12,sqrt,82,"{'n_estimators': 20, 'min_samples_split': 2, 'min_samples_leaf': 12, 'max_features': 'sqrt', 'max_depth': 82}",0.03764763912901481,0.006016173940636471,0.038704316890006085,0.05569385027114848,0.011979728137369805,0.03000834167363513,0.018408580722352234,127
0.07367181777954102,0.001790850624704559,0.0020653724670410155,0.0001958110990475365,20,4,12,sqrt,52,"{'n_estimators': 20, 'min_samples_split': 4, 'min_samples_leaf': 12, 'max_features': 'sqrt', 'max_depth': 52}",0.03193424407212608,0.033480751090491645,0.04956181151095118,0.025325582567327976,0.01942128822296607,0.03194473549277259,0.010132825256429452,123
0.08948731422424316,0.0019562713546520815,0.001232290267944336,4.077072030410818e-05,10,8,12,0.5,72,"{'n_estimators': 10, 'min_samples_split': 8, 'min_samples_leaf': 12, 'max_features': 0.5, 'max_depth': 72}",0.022393050794390246,0.01016124694613918,0.03754328810861696,0.029537903694401346,-0.0002744456370480375,0.019872208781299937,0.01350731513822592,146
0.00022640228271484376,1.2221923327332149e-05,0.0,0.0,200,1,8,0.5,22,"{'n_estimators': 200, 'min_samples_split': 1, 'min_samples_leaf': 8, 'max_features': 0.5, 'max_depth': 22}",,,,,,,,176
5.373593711853028,0.07970504432312149,0.04100322723388672,0.000689087159159501,500,2,4,0.5,42,"{'n_estimators': 500, 'min_samples_split': 2, 'min_samples_leaf': 4, 'max_features': 0.5, 'max_depth': 42}",0.045904136661199524,0.03696938740461708,0.06777702271401098,0.06729914001560666,0.03112898207359205,0.04981573377380526,0.015217104128731838,7
1.9497632026672362,0.029691118331191663,0.03785691261291504,0.0005177054559262266,500,5,8,sqrt,32,"{'n_estimators': 500, 'min_samples_split': 5, 'min_samples_leaf': 8, 'max_features': 'sqrt', 'max_depth': 32}",0.047077495573359274,0.031332636283217696,0.06734638420739736,0.05744968002492257,0.03576728915940541,0.04779469704966046,0.013354096975541605,26
0.0969275951385498,0.001642467369619075,0.0012517452239990234,2.893164022927473e-05,10,7,8,0.5,42,"{'n_estimators': 10, 'min_samples_split': 7, 'min_samples_leaf': 8, 'max_features': 0.5, 'max_depth': 42}",-0.002942450049147727,0.0008933824525942935,0.025880144830371155,0.020708144104901183,0.014916941535919825,0.011891232574927746,0.01116757231666408,155
5.975474786758423,0.11846251100607001,0.04546375274658203,0.00032678897663530995,500,3,2,0.5,72,"{'n_estimators': 500, 'min_samples_split': 3, 'min_samples_leaf': 2, 'max_features': 0.5, 'max_depth': 72}",0.04009654884315794,0.036323327795093285,0.06423205362101736,0.06114863237599866,0.014964071438973492,0.04335292681484815,0.017992061816438004,74
1.953909206390381,0.031873155145326466,0.03750853538513184,0.0006731632013630645,500,2,8,sqrt,52,"{'n_estimators': 500, 'min_samples_split': 2, 'min_samples_leaf': 8, 'max_features': 'sqrt', 'max_depth': 52}",0.043535806126598575,0.035591269781584556,0.06941135527401399,0.05977136331852306,0.034799182465373946,0.04862179539321883,0.01373495669921677,14
1.0275217533111571,0.011870228783118593,0.008540678024291991,9.616049983164802e-05,100,8,4,0.5,12,"{'n_estimators': 100, 'min_samples_split': 8, 'min_samples_leaf': 4, 'max_features': 0.5, 'max_depth': 12}",0.03988063621130933,0.029565089718584847,0.05596030963205412,0.06313612059591545,0.026586746468355238,0.04302578052524379,0.014373947206278966,78
1.0248602390289308,0.013254911278001054,0.02066383361816406,0.00022139753114384946,200,4,2,sqrt,82,"{'n_estimators': 200, 'min_samples_split': 4, 'min_samples_leaf': 2, 'max_features': 'sqrt', 'max_depth': 82}",0.05467776190891682,0.04287109031507241,0.0615038075244575,0.052440718509624396,0.03851276366425893,0.05000122838446601,0.008281957440893831,4
0.22046146392822266,0.007875743704822098,0.001410198211669922,3.3217928961714014e-05,10,3,4,1.0,42,"{'n_estimators': 10, 'min_samples_split': 3, 'min_samples_leaf': 4, 'max_features': 1.0, 'max_depth': 42}",-0.05359383394110928,-0.07729370479522935,-0.00817783647981285,-0.022637016796460463,-0.05595043221572715,-0.04353056484566782,0.02482671086803595,175
0.338775634765625,0.008711443606317582,0.0020341873168945312,2.641393804599302e-05,20,4,12,1.0,,"{'n_estimators': 20, 'min_samples_split': 4, 'min_samples_leaf': 12, 'max_features': 1.0, 'max_depth': None}",0.049627023372288415,0.04253981387751282,0.042606170006275645,0.03670650697083522,0.028762518390118008,0.04004840652340602,0.006971925543960673,92
0.051026010513305665,0.0020054985687206223,0.0014415264129638671,2.9966626248920957e-05,10,5,2,sqrt,52,"{'n_estimators': 10, 'min_samples_split': 5, 'min_samples_leaf': 2, 'max_features': 'sqrt', 'max_depth': 52}",-0.0381780845491595,-0.05953410462957476,-0.020718537310190355,-0.034778889336508634,-0.04984581776853414,-0.040611086718793474,0.013259022680800299,174
0.19762115478515624,0.003011284996760226,0.004429674148559571,4.508207227235519e-05,50,5,8,sqrt,82,"{'n_estimators': 50, 'min_samples_split': 5, 'min_samples_leaf': 8, 'max_features': 'sqrt', 'max_depth': 82}",0.050690781815381225,0.028097327124576466,0.07706631642289907,0.0497648829884878,0.023277831001953353,0.045779427870659584,0.019172131826081382,49
3.476874351501465,0.08273221651067048,0.015059280395507812,0.000544085351992208,200,7,8,1.0,72,"{'n_estimators': 200, 'min_samples_split': 7, 'min_samples_leaf': 8, 'max_features': 1.0, 'max_depth': 72}",0.046328340270861634,0.028839632724341424,0.058827629245231106,0.06207489632113483,0.03254515677586267,0.045723131067486336,0.013402879543698537,51
0.04103212356567383,0.0012023026080527424,0.0012856483459472655,2.4550214742806257e-05,10,8,8,sqrt,22,"{'n_estimators': 10, 'min_samples_split': 8, 'min_samples_leaf': 8, 'max_features': 'sqrt', 'max_depth': 22}",-0.006014259831339075,-0.021220818970992816,0.03571651902700956,0.05171260283453405,0.03873975030771026,0.0197867586733844,0.028211865100902057,147
0.907352066040039,0.008963518597781453,0.004362630844116211,0.00015626233779077636,50,3,8,1.0,72,"{'n_estimators': 50, 'min_samples_split': 3, 'min_samples_leaf': 8, 'max_features': 1.0, 'max_depth': 72}",0.02166019478871206,0.023022498345752762,0.06603359958649802,0.03853368386091227,0.01589813989342037,0.033029623295059096,0.018124300326418295,117
2.1680299282073974,0.03275011591938658,0.04115419387817383,0.0003956990399215547,500,4,4,sqrt,52,"{'n_estimators': 500, 'min_samples_split': 4, 'min_samples_leaf': 4, 'max_features': 'sqrt', 'max_depth': 52}",0.042697212339268376,0.04504999635900575,0.06822400680314056,0.05524181827473085,0.03677286742299213,0.04959718023982753,0.011059566391713753,9
1.2045600414276123,0.025967969139698958,0.009037637710571289,5.358398026633121e-05,100,7,2,0.5,22,"{'n_estimators': 100, 'min_samples_split': 7, 'min_samples_leaf': 2, 'max_features': 0.5, 'max_depth': 22}",0.04489130603496805,0.036789255410843213,0.04387103118668545,0.06416633331842614,0.029354415939593648,0.0438144683781033,0.011608685705104663,68
1.1648448944091796,0.046520572767224315,0.004807615280151367,5.3333250274550256e-05,50,7,2,1.0,92,"{'n_estimators': 50, 'min_samples_split': 7, 'min_samples_leaf': 2, 'max_features': 1.0, 'max_depth': 92}",0.016891637966883533,0.005667798297024795,0.05544331380236944,0.03841559160718544,0.028821766622959988,0.02904802165928464,0.01719840989356346,128
0.0002337932586669922,1.866413976586004e-05,0.0,0.0,50,1,8,1.0,32,"{'n_estimators': 50, 'min_samples_split': 1, 'min_samples_leaf': 8, 'max_features': 1.0, 'max_depth': 32}",,,,,,,,176
2.055769920349121,0.048759627854885496,0.00865015983581543,4.354455415636641e-05,100,3,4,1.0,72,"{'n_estimators': 100, 'min_samples_split': 3, 'min_samples_leaf': 4, 'max_features': 1.0, 'max_depth': 72}",0.027902889767658867,0.025211714409445807,0.05788197279304974,0.05035150251074905,0.012029615862102161,0.03467553906860112,0.016926576674887468,111
